Workbook
Name 多元函数微分学: 下拉选项!$N$2:$N$7
Name 概念判断: 下拉选项!$H$2:$H$5
Name 科目列表: 下拉选项!$O$1:$R$1
Name 论证: 下拉选项!$I$2:$I$5
Name 模块列表: 下拉选项!$A$2:$A$14
Name 推理规则: 下拉选项!$K$2:$K$5
Name 削弱加强: 下拉选项!$J$2:$J$3
Name 一元函数积分学: 下拉选项!$M$2:$M$9
Name 一元函数微分学: 下拉选项!$L$2:$L$12
Name 语言知识: 下拉选项!$G$2:$G$4
Name 中国古代科技常识: 下拉选项!$F$2:$F$6
Name 中国历史学常识: 下拉选项!$C$2:$C$8
Name 中国文学常识: 下拉选项!$D$2:$D$6
Name 中国艺术常识: 下拉选项!$E$2:$E$9
Name 中国哲学常识: 下拉选项!$B$2:$B$9

Sheet 下拉选项
A1: 模块下拉数据（请勿修改） | B1: 中国哲学常识 | C1: 中国历史学常识 | D1: 中国文学常识 | E1: 中国艺术常识 | F1: 中国古代科技常识 | G1: 语言知识 | H1: 概念判断 | I1: 论证 | J1: 削弱加强 | K1: 推理规则 | L1: 一元函数微分学 | M1: 一元函数积分学 | N1: 多元函数微分学 | O1: 中华文化 | P1: 英语运用 | Q1: 逻辑推理 | R1: 数学基础
A2: 中国哲学常识 | B2: 儒家 | C2: 古代职官与科举 | D2: 文体流变 | E2: 书法 | F2: 天文历法与算学 | G2: 词汇 | H2: 概念种类 | I2: 加强 | J2: 加强 | K2: 演绎推理 | L2: 极限 | M2: 原函数 | N2: 偏导数 | O2: 中国哲学常识 | P2: 语言知识 | Q2: 概念判断 | R2: 一元函数微分学
A3: 中国历史学常识 | B3: 道家 | C3: 古代礼俗与称谓 | D3: 代表作家及作品 | E3: 绘画 | F3: 地理舆图 | G3: 语法 | H3: 概念关系 | I3: 削弱 | J3: 削弱 | K3: 归纳推理 | L3: 连续 | M3: 定积分 | N3: 全微分 | O3: 中国历史学常识 | Q3: 论证 | R3: 一元函数积分学
A4: 中国文学常识 | B4: 墨家 | C4: 古代衣食住行 | D4: 创作群体及文学流派 | E4: 雕塑 | F4: 农业水利 | G4: 语用 | H4: 定义 | I4: 解释 | K4: 类比推理 | L4: 导数 | M4: 变限积分 | N4: 二阶偏导 | O4: 中国文学常识 | Q4: 削弱加强 | R4: 多元函数微分学
A5: 中国艺术常识 | B5: 法家 | C5: 古代军事战争 | D5: 文学总集 | E5: 建筑 | F5: 医学 | H5: 划分 | I5: 谬误识别 | K5: 综合推理 | L5: 微分 | M5: 牛顿-莱布尼茨公式 | N5: 链导法则 | O5: 中国艺术常识 | Q5: 推理规则
A6: 中国古代科技常识 | B6: 名家 | C6: 古代经济发展 | D6: 民族史诗 | E6: 音乐 | F6: 科技发明 | L6: 高阶导数 | M6: 换元积分 | N6: 隐函数求导 | O6: 中国古代科技常识
A7: 语言知识 | B7: 纵横家 | C7: 古代图书文物 | E7: 戏剧 | L7: 洛必达法则 | M7: 分部积分 | N7: 二元函数极值
A8: 概念判断 | B8: 后代学派流变 | C8: 近现代史学常识 | E8: 民俗 | L8: 单调性 | M8: 几何应用
A9: 论证 | B9: 古代宗教流变 | E9: 陶瓷 | L9: 极值与最值 | M9: 物理应用
A10: 削弱加强 | L10: 凹凸性
A11: 推理规则 | L11: 拐点
A12: 一元函数微分学 | L12: 渐近线
A13: 一元函数积分学
A14: 多元函数微分学

Sheet 题目
A1: 考试代码 | B1: 科目 | C1: 模块 | D1: 子模块 | E1: 题干 | F1: 选项A | G1: 选项B | H1: 选项C | I1: 选项D | J1: 答案 | K1: 解析 | L1: 难度 | M1: 来源类型 | N1: 来源年份
P2: =IFERROR(INDEX(下拉选项!$B$2:$N$12,COLUMNS($P2:P2),MATCH($C2,下拉选项!$B$1:$N$1,0)),"") | Q2: =IFERROR(INDEX(下拉选项!$B$2:$N$12,COLUMNS($P2:Q2),MATCH($C2,下拉选项!$B$1:$N$1,0)),"") | R2: =IFERROR(INDEX(下拉选项!$B$2:$N$12,COLUMNS($P2:R2),MATCH($C2,下拉选项!$B$1:$N$1,0)),"") | S2: =IFERROR(INDEX(下拉选项!$B$2:$N$12,COLUMNS($P2:S2),MATCH($C2,下拉选项!$B$1:$N$1,0)),"") | T2: =IFERROR(INDEX(下拉选项!$B$2:$N$12,COLUMNS($P2:T2),MATCH($C2,下拉选项!$B$1:$N$1,0)),"") | U2: =IFERROR(INDEX(下拉选项!$B$2:$N$12,COLUMNS($P2:U2),MATCH($C2,下拉选项!$B$1:$N$1,0)),"") | V2: =IFERROR(INDEX(下拉选项!$B$2:$N$12,COLUMNS($P2:V2),MATCH($C2,下拉选项!$B$1:$N$1,0)),"") | W2: =IFERROR(INDEX(下拉选项!$B$2:$N$12,COLUMNS($P2:W2),MATCH($C2,下拉选项!$B$1:$N$1,0)),"") | ... Z2: =IFERROR(INDEX(下拉选项!$B$2:$N$12,COLUMNS($P2:Z2),MATCH($C2,下拉选项!$B$1:$N$1,0)),"") | AA2: =IFERROR(INDEX(下拉选项!$O$2:$R$6,COLUMNS($AA2:AA2),MATCH($B2,下拉选项!$O$1:$R$1,0)),"") | AB2: =IFERROR(INDEX(下拉选项!$O$2:$R$6,COLUMNS($AA2:AB2),MATCH($B2,下拉选项!$O$1:$R$1,0)),"") | AC2: =IFERROR(INDEX(下拉选项!$O$2:$R$6,COLUMNS($AA2:AC2),MATCH($B2,下拉选项!$O$1:$R$1,0)),"") | AD2: =IFERROR(INDEX(下拉选项!$O$2:$R$6,COLUMNS($AA2:AD2),MATCH($B2,下拉选项!$O$1:$R$1,0)),"") | AE2: =IFERROR(INDEX(下拉选项!$O$2:$R$6,COLUMNS($AA2:AE2),MATCH($B2,下拉选项!$O$1:$R$1,0)),"")
P3: =IFERROR(INDEX(下拉选项!$B$2:$N$12,COLUMNS($P3:P3),MATCH($C3,下拉选项!$B$1:$N$1,0)),"") | Q3: =IFERROR(INDEX(下拉选项!$B$2:$N$12,COLUMNS($P3:Q3),MATCH($C3,下拉选项!$B$1:$N$1,0)),"") | R3: =IFERROR(INDEX(下拉选项!$B$2:$N$12,COLUMNS($P3:R3),MATCH($C3,下拉选项!$B$1:$N$1,0)),"") | S3: =IFERROR(INDEX(下拉选项!$B$2:$N$12,COLUMNS($P3:S3),MATCH($C3,下拉选项!$B$1:$N$1,0)),"") | T3: =IFERROR(INDEX(下拉选项!$B$2:$N$12,COLUMNS($P3:T3),MATCH($C3,下拉选项!$B$1:$N$1,0)),"") | U3: =IFERROR(INDEX(下拉选项!$B$2:$N$12,COLUMNS($P3:U3),MATCH($C3,下拉选项!$B$1:$N$1,0)),"") | V3: =IFERROR(INDEX(下拉选项!$B$2:$N$12,COLUMNS($P3:V3),MATCH($C3,下拉选项!$B$1:$N$1,0)),"") | W3: =IFERROR(INDEX(下拉选项!$B$2:$N$12,COLUMNS($P3:W3),MATCH($C3,下拉选项!$B$1:$N$1,0)),"") | ... Z3: =IFERROR(INDEX(下拉选项!$B$2:$N$12,COLUMNS($P3:Z3),MATCH($C3,下拉选项!$B$1:$N$1,0)),"") | AA3: =IFERROR(INDEX(下拉选项!$O$2:$R$6,COLUMNS($AA3:AA3),MATCH($B3,下拉选项!$O$1:$R$1,0)),"") | AB3: =IFERROR(INDEX(下拉选项!$O$2:$R$6,COLUMNS($AA3:AB3),MATCH($B3,下拉选项!$O$1:$R$1,0)),"") | AC3: =IFERROR(INDEX(下拉选项!$O$2:$R$6,COLUMNS($AA3:AC3),MATCH($B3,下拉选项!$O$1:$R$1,0)),"") | AD3: =IFERROR(INDEX(下拉选项!$O$2:$R$6,COLUMNS($AA3:AD3),MATCH($B3,下拉选项!$O$1:$R$1,0)),"") | AE3: =IFERROR(INDEX(下拉选项!$O$2:$R$6,COLUMNS($AA3:AE3),MATCH($B3,下拉选项!$O$1:$R$1,0)),"")
P4: =IFERROR(INDEX(下拉选项!$B$2:$N$12,COLUMNS($P4:P4),MATCH($C4,下拉选项!$B$1:$N$1,0)),"") | Q4: =IFERROR(INDEX(下拉选项!$B$2:$N$12,COLUMNS($P4:Q4),MATCH($C4,下拉选项!$B$1:$N$1,0)),"") | R4: =IFERROR(INDEX(下拉选项!$B$2:$N$12,COLUMNS($P4:R4),MATCH($C4,下拉选项!$B$1:$N$1,0)),"") | S4: =IFERROR(INDEX(下拉选项!$B$2:$N$12,COLUMNS($P4:S4),MATCH($C4,下拉选项!$B$1:$N$1,0)),"") | T4: =IFERROR(INDEX(下拉选项!$B$2:$N$12,COLUMNS($P4:T4),MATCH($C4,下拉选项!$B$1:$N$1,0)),"") | U4: =IFERROR(INDEX(下拉选项!$B$2:$N$12,COLUMNS($P4:U4),MATCH($C4,下拉选项!$B$1:$N$1,0)),"") | V4: =IFERROR(INDEX(下拉选项!$B$2:$N$12,COLUMNS($P4:V4),MATCH($C4,下拉选项!$B$1:$N$1,0)),"") | W4: =IFERROR(INDEX(下拉选项!$B$2:$N$12,COLUMNS($P4:W4),MATCH($C4,下拉选项!$B$1:$N$1,0)),"") | ... Z4: =IFERROR(INDEX(下拉选项!$B$2:$N$12,COLUMNS($P4:Z4),MATCH($C4,下拉选项!$B$1:$N$1,0)),"") | AA4: =IFERROR(INDEX(下拉选项!$O$2:$R$6,COLUMNS($AA4:AA4),MATCH($B4,下拉选项!$O$1:$R$1,0)),"") | AB4: =IFERROR(INDEX(下拉选项!$O$2:$R$6,COLUMNS($AA4:AB4),MATCH($B4,下拉选项!$O$1:$R$1,0)),"") | AC4: =IFERROR(INDEX(下拉选项!$O$2:$R$6,COLUMNS($AA4:AC4),MATCH($B4,下拉选项!$O$1:$R$1,0)),"") | AD4: =IFERROR(INDEX(下拉选项!$O$2:$R$6,COLUMNS($AA4:AD4),MATCH($B4,下拉选项!$O$1:$R$1,0)),"") | AE4: =IFERROR(INDEX(下拉选项!$O$2:$R$6,COLUMNS($AA4:AE4),MATCH($B4,下拉选项!$O$1:$R$1,0)),"")
P5: =IFERROR(INDEX(下拉选项!$B$2:$N$12,COLUMNS($P5:P5),MATCH($C5,下拉选项!$B$1:$N$1,0)),"") | Q5: =IFERROR(INDEX(下拉选项!$B$2:$N$12,COLUMNS($P5:Q5),MATCH($C5,下拉选项!$B$1:$N$1,0)),"") | R5: =IFERROR(INDEX(下拉选项!$B$2:$N$12,COLUMNS($P5:R5),MATCH($C5,下拉选项!$B$1:$N$1,0)),"") | S5: =IFERROR(INDEX(下拉选项!$B$2:$N$12,COLUMNS($P5:S5),MATCH($C5,下拉选项!$B$1:$N$1,0)),"") | T5: =IFERROR(INDEX(下拉选项!$B$2:$N$12,COLUMNS($P5:T5),MATCH($C5,下拉选项!$B$1:$N$1,0)),"") | U5: =IFERROR(INDEX(下拉选项!$B$2:$N$12,COLUMNS($P5:U5),MATCH($C5,下拉选项!$B$1:$N$1,0)),"") | V5: =IFERROR(INDEX(下拉选项!$B$2:$N$12,COLUMNS($P5:V5),MATCH($C5,下拉选项!$B$1:$N$1,0)),"") | W5: =IFERROR(INDEX(下拉选项!$B$2:$N$12,COLUMNS($P5:W5),MATCH($C5,下拉选项!$B$1:$N$1,0)),"") | ... Z5: =IFERROR(INDEX(下拉选项!$B$2:$N$12,COLUMNS($P5:Z5),MATCH($C5,下拉选项!$B$1:$N$1,0)),"") | AA5: =IFERROR(INDEX(下拉选项!$O$2:$R$6,COLUMNS($AA5:AA5),MATCH($B5,下拉选项!$O$1:$R$1,0)),"") | AB5: =IFERROR(INDEX(下拉选项!$O$2:$R$6,COLUMNS($AA5:AB5),MATCH($B5,下拉选项!$O$1:$R$1,0)),"") | AC5: =IFERROR(INDEX(下拉选项!$O$2:$R$6,COLUMNS($AA5:AC5),MATCH($B5,下拉选项!$O$1:$R$1,0)),"") | AD5: =IFERROR(INDEX(下拉选项!$O$2:$R$6,COLUMNS($AA5:AD5),MATCH($B5,下拉选项!$O$1:$R$1,0)),"") | AE5: =IFERROR(INDEX(下拉选项!$O$2:$R$6,COLUMNS($AA5:AE5),MATCH($B5,下拉选项!$O$1:$R$1,0)),"")
P6: =IFERROR(INDEX(下拉选项!$B$2:$N$12,COLUMNS($P6:P6),MATCH($C6,下拉选项!$B$1:$N$1,0)),"") | Q6: =IFERROR(INDEX(下拉选项!$B$2:$N$12,COLUMNS($P6:Q6),MATCH($C6,下拉选项!$B$1:$N$1,0)),"") | R6: =IFERROR(INDEX(下拉选项!$B$2:$N$12,COLUMNS($P6:R6),MATCH($C6,下拉选项!$B$1:$N$1,0)),"") | S6: =IFERROR(INDEX(下拉选项!$B$2:$N$12,COLUMNS($P6:S6),MATCH($C6,下拉选项!$B$1:$N$1,0)),"") | T6: =IFERROR(INDEX(下拉选项!$B$2:$N$12,COLUMNS($P6:T6),MATCH($C6,下拉选项!$B$1:$N$1,0)),"") | U6: =IFERROR(INDEX(下拉选项!$B$2:$N$12,COLUMNS($P6:U6),MATCH($C6,下拉选项!$B$1:$N$1,0)),"") | V6: =IFERROR(INDEX(下拉选项!$B$2:$N$12,COLUMNS($P6:V6),MATCH($C6,下拉选项!$B$1:$N$1,0)),"") | W6: =IFERROR(INDEX(下拉选项!$B$2:$N$12,COLUMNS($P6:W6),MATCH($C6,下拉选项!$B$1:$N$1,0)),"") | ... Z6: =IFERROR(INDEX(下拉选项!$B$2:$N$12,COLUMNS($P6:Z6),MATCH($C6,下拉选项!$B$1:$N$1,0)),"") | AA6: =IFERROR(INDEX(下拉选项!$O$2:$R$6,COLUMNS($AA6:AA6),MATCH($B6,下拉选项!$O$1:$R$1,0)),"") | AB6: =IFERROR(INDEX(下拉选项!$O$2:$R$6,COLUMNS($AA6:AB6),MATCH($B6,下拉选项!$O$1:$R$1,0)),"") | AC6: =IFERROR(INDEX(下拉选项!$O$2:$R$6,COLUMNS($AA6:AC6),MATCH($B6,下拉选项!$O$1:$R$1,0)),"") | AD6: =IFERROR(INDEX(下拉选项!$O$2:$R$6,COLUMNS($AA6:AD6),MATCH($B6,下拉选项!$O$1:$R$1,0)),"") | AE6: =IFERROR(INDEX(下拉选项!$O$2:$R$6,COLUMNS($AA6:AE6),MATCH($B6,下拉选项!$O$1:$R$1,0)),"")
P7: =IFERROR(INDEX(下拉选项!$B$2:$N$12,COLUMNS($P7:P7),MATCH($C7,下拉选项!$B$1:$N$1,0)),"") | Q7: =IFERROR(INDEX(下拉选项!$B$2:$N$12,COLUMNS($P7:Q7),MATCH($C7,下拉选项!$B$1:$N$1,0)),"") | R7: =IFERROR(INDEX(下拉选项!$B$2:$N$12,COLUMNS($P7:R7),MATCH($C7,下拉选项!$B$1:$N$1,0)),"") | S7: =IFERROR(INDEX(下拉选项!$B$2:$N$12,COLUMNS($P7:S7),MATCH($C7,下拉选项!$B$1:$N$1,0)),"") | T7: =IFERROR(INDEX(下拉选项!$B$2:$N$12,COLUMNS($P7:T7),MATCH($C7,下拉选项!$B$1:$N$1,0)),"") | U7: =IFERROR(INDEX(下拉选项!$B$2:$N$12,COLUMNS($P7:U7),MATCH($C7,下拉选项!$B$1:$N$1,0)),"") | V7: =IFERROR(INDEX(下拉选项!$B$2:$N$12,COLUMNS($P7:V7),MATCH($C7,下拉选项!$B$1:$N$1,0)),"") | W7: =IFERROR(INDEX(下拉选项!$B$2:$N$12,COLUMNS($P7:W7),MATCH($C7,下拉选项!$B$1:$N$1,0)),"") | ... Z7: =IFERROR(INDEX(下拉选项!$B$2:$N$12,COLUMNS($P7:Z7),MATCH($C7,下拉选项!$B$1:$N$1,0)),"") | AA7: =IFERROR(INDEX(下拉选项!$O$2:$R$6,COLUMNS($AA7:AA7),MATCH($B7,下拉选项!$O$1:$R$1,0)),"") | AB7: =IFERROR(INDEX(下拉选项!$O$2:$R$6,COLUMNS($AA7:AB7),MATCH($B7,下拉选项!$O$1:$R$1,0)),"") | AC7: =IFERROR(INDEX(下拉选项!$O$2:$R$6,COLUMNS($AA7:AC7),MATCH($B7,下拉选项!$O$1:$R$1,0)),"") | AD7: =IFERROR(INDEX(下拉选项!$O$2:$R$6,COLUMNS($AA7:AD7),MATCH($B7,下拉选项!$O$1:$R$1,0)),"") | AE7: =IFERROR(INDEX(下拉选项!$O$2:$R$6,COLUMNS($AA7:AE7),MATCH($B7,下拉选项!$O$1:$R$1,0)),"")
P8: =IFERROR(INDEX(下拉选项!$B$2:$N$12,COLUMNS($P8:P8),MATCH($C8,下拉选项!$B$1:$N$1,0)),"") | Q8: =IFERROR(INDEX(下拉选项!$B$2:$N$12,COLUMNS($P8:Q8),MATCH($C8,下拉选项!$B$1:$N$1,0)),"") | R8: =IFERROR(INDEX(下拉选项!$B$2:$N$12,COLUMNS($P8:R8),MATCH($C8,下拉选项!$B$1:$N$1,0)),"") | S8: =IFERROR(INDEX(下拉选项!$B$2:$N$12,COLUMNS($P8:S8),MATCH($C8,下拉选项!$B$1:$N$1,0)),"") | T8: =IFERROR(INDEX(下拉选项!$B$2:$N$12,COLUMNS($P8:T8),MATCH($C8,下拉选项!$B$1:$N$1,0)),"") | U8: =IFERROR(INDEX(下拉选项!$B$2:$N$12,COLUMNS($P8:U8),MATCH($C8,下拉选项!$B$1:$N$1,0)),"") | V8: =IFERROR(INDEX(下拉选项!$B$2:$N$12,COLUMNS($P8:V8),MATCH($C8,下拉选项!$B$1:$N$1,0)),"") | W8: =IFERROR(INDEX(下拉选项!$B$2:$N$12,COLUMNS($P8:W8),MATCH($C8,下拉选项!$B$1:$N$1,0)),"") | ... Z8: =IFERROR(INDEX(下拉选项!$B$2:$N$12,COLUMNS($P8:Z8),MATCH($C8,下拉选项!$B$1:$N$1,0)),"") | AA8: =IFERROR(INDEX(下拉选项!$O$2:$R$6,COLUMNS($AA8:AA8),MATCH($B8,下拉选项!$O$1:$R$1,0)),"") | AB8: =IFERROR(INDEX(下拉选项!$O$2:$R$6,COLUMNS($AA8:AB8),MATCH($B8,下拉选项!$O$1:$R$1,0)),"") | AC8: =IFERROR(INDEX(下拉选项!$O$2:$R$6,COLUMNS($AA8:AC8),MATCH($B8,下拉选项!$O$1:$R$1,0)),"") | AD8: =IFERROR(INDEX(下拉选项!$O$2:$R$6,COLUMNS($AA8:AD8),MATCH($B8,下拉选项!$O$1:$R$1,0)),"") | AE8: =IFERROR(INDEX(下拉选项!$O$2:$R$6,COLUMNS($AA8:AE8),MATCH($B8,下拉选项!$O$1:$R$1,0)),"")
P9: =IFERROR(INDEX(下拉选项!$B$2:$N$12,COLUMNS($P9:P9),MATCH($C9,下拉选项!$B$1:$N$1,0)),"") | Q9: =IFERROR(INDEX(下拉选项!$B$2:$N$12,COLUMNS($P9:Q9),MATCH($C9,下拉选项!$B$1:$N$1,0)),"") | R9: =IFERROR(INDEX(下拉选项!$B$2:$N$12,COLUMNS($P9:R9),MATCH($C9,下拉选项!$B$1:$N$1,0)),"") | S9: =IFERROR(INDEX(下拉选项!$B$2:$N$12,COLUMNS($P9:S9),MATCH($C9,下拉选项!$B$1:$N$1,0)),"") | T9: =IFERROR(INDEX(下拉选项!$B$2:$N$12,COLUMNS($P9:T9),MATCH($C9,下拉选项!$B$1:$N$1,0)),"") | U9: =IFERROR(INDEX(下拉选项!$B$2:$N$12,COLUMNS($P9:U9),MATCH($C9,下拉选项!$B$1:$N$1,0)),"") | V9: =IFERROR(INDEX(下拉选项!$B$2:$N$12,COLUMNS($P9:V9),MATCH($C9,下拉选项!$B$1:$N$1,0)),"") | W9: =IFERROR(INDEX(下拉选项!$B$2:$N$12,COLUMNS($P9:W9),MATCH($C9,下拉选项!$B$1:$N$1,0)),"") | ... Z9: =IFERROR(INDEX(下拉选项!$B$2:$N$12,COLUMNS($P9:Z9),MATCH($C9,下拉选项!$B$1:$N$1,0)),"") | AA9: =IFERROR(INDEX(下拉选项!$O$2:$R$6,COLUMNS($AA9:AA9),MATCH($B9,下拉选项!$O$1:$R$1,0)),"") | AB9: =IFERROR(INDEX(下拉选项!$O$2:$R$6,COLUMNS($AA9:AB9),MATCH($B9,下拉选项!$O$1:$R$1,0)),"") | AC9: =IFERROR(INDEX(下拉选项!$O$2:$R$6,COLUMNS($AA9:AC9),MATCH($B9,下拉选项!$O$1:$R$1,0)),"") | AD9: =IFERROR(INDEX(下拉选项!$O$2:$R$6,COLUMNS($AA9:AD9),MATCH($B9,下拉选项!$O$1:$R$1,0)),"") | AE9: =IFERROR(INDEX(下拉选项!$O$2:$R$6,COLUMNS($AA9:AE9),MATCH($B9,下拉选项!$O$1:$R$1,0)),"")
P10: =IFERROR(INDEX(下拉选项!$B$2:$N$12,COLUMNS($P10:P10),MATCH($C10,下拉选项!$B$1:$N$1,0)),"") | Q10: =IFERROR(INDEX(下拉选项!$B$2:$N$12,COLUMNS($P10:Q10),MATCH($C10,下拉选项!$B$1:$N$1,0)),"") | R10: =IFERROR(INDEX(下拉选项!$B$2:$N$12,COLUMNS($P10:R10),MATCH($C10,下拉选项!$B$1:$N$1,0)),"") | S10: =IFERROR(INDEX(下拉选项!$B$2:$N$12,COLUMNS($P10:S10),MATCH($C10,下拉选项!$B$1:$N$1,0)),"") | T10: =IFERROR(INDEX(下拉选项!$B$2:$N$12,COLUMNS($P10:T10),MATCH($C10,下拉选项!$B$1:$N$1,0)),"") | U10: =IFERROR(INDEX(下拉选项!$B$2:$N$12,COLUMNS($P10:U10),MATCH($C10,下拉选项!$B$1:$N$1,0)),"") | V10: =IFERROR(INDEX(下拉选项!$B$2:$N$12,COLUMNS($P10:V10),MATCH($C10,下拉选项!$B$1:$N$1,0)),"") | W10: =IFERROR(INDEX(下拉选项!$B$2:$N$12,COLUMNS($P10:W10),MATCH($C10,下拉选项!$B$1:$N$1,0)),"") | ... Z10: =IFERROR(INDEX(下拉选项!$B$2:$N$12,COLUMNS($P10:Z10),MATCH($C10,下拉选项!$B$1:$N$1,0)),"") | AA10: =IFERROR(INDEX(下拉选项!$O$2:$R$6,COLUMNS($AA10:AA10),MATCH($B10,下拉选项!$O$1:$R$1,0)),"") | AB10: =IFERROR(INDEX(下拉选项!$O$2:$R$6,COLUMNS($AA10:AB10),MATCH($B10,下拉选项!$O$1:$R$1,0)),"") | AC10: =IFERROR(INDEX(下拉选项!$O$2:$R$6,COLUMNS($AA10:AC10),MATCH($B10,下拉选项!$O$1:$R$1,0)),"") | AD10: =IFERROR(INDEX(下拉选项!$O$2:$R$6,COLUMNS($AA10:AD10),MATCH($B10,下拉选项!$O$1:$R$1,0)),"") | AE10: =IFERROR(INDEX(下拉选项!$O$2:$R$6,COLUMNS($AA10:AE10),MATCH($B10,下拉选项!$O$1:$R$1,0)),"")
P11: =IFERROR(INDEX(下拉选项!$B$2:$N$12,COLUMNS($P11:P11),MATCH($C11,下拉选项!$B$1:$N$1,0)),"") | Q11: =IFERROR(INDEX(下拉选项!$B$2:$N$12,COLUMNS($P11:Q11),MATCH($C11,下拉选项!$B$1:$N$1,0)),"") | R11: =IFERROR(INDEX(下拉选项!$B$2:$N$12,COLUMNS($P11:R11),MATCH($C11,下拉选项!$B$1:$N$1,0)),"") | S11: =IFERROR(INDEX(下拉选项!$B$2:$N$12,COLUMNS($P11:S11),MATCH($C11,下拉选项!$B$1:$N$1,0)),"") | T11: =IFERROR(INDEX(下拉选项!$B$2:$N$12,COLUMNS($P11:T11),MATCH($C11,下拉选项!$B$1:$N$1,0)),"") | U11: =IFERROR(INDEX(下拉选项!$B$2:$N$12,COLUMNS($P11:U11),MATCH($C11,下拉选项!$B$1:$N$1,0)),"") | V11: =IFERROR(INDEX(下拉选项!$B$2:$N$12,COLUMNS($P11:V11),MATCH($C11,下拉选项!$B$1:$N$1,0)),"") | W11: =IFERROR(INDEX(下拉选项!$B$2:$N$12,COLUMNS($P11:W11),MATCH($C11,下拉选项!$B$1:$N$1,0)),"") | ... Z11: =IFERROR(INDEX(下拉选项!$B$2:$N$12,COLUMNS($P11:Z11),MATCH($C11,下拉选项!$B$1:$N$1,0)),"") | AA11: =IFERROR(INDEX(下拉选项!$O$2:$R$6,COLUMNS($AA11:AA11),MATCH($B11,下拉选项!$O$1:$R$1,0)),"") | AB11: =IFERROR(INDEX(下拉选项!$O$2:$R$6,COLUMNS($AA11:AB11),MATCH($B11,下拉选项!$O$1:$R$1,0)),"") | AC11: =IFERROR(INDEX(下拉选项!$O$2:$R$6,COLUMNS($AA11:AC11),MATCH($B11,下拉选项!$O$1:$R$1,0)),"") | AD11: =IFERROR(INDEX(下拉选项!$O$2:$R$6,COLUMNS($AA11:AD11),MATCH($B11,下拉选项!$O$1:$R$1,0)),"") | AE11: =IFERROR(INDEX(下拉选项!$O$2:$R$6,COLUMNS($AA11:AE11),MATCH($B11,下拉选项!$O$1:$R$1,0)),"")
P12: =IFERROR(INDEX(下拉选项!$B$2:$N$12,COLUMNS($P12:P12),MATCH($C12,下拉选项!$B$1:$N$1,0)),"") | Q12: =IFERROR(INDEX(下拉选项!$B$2:$N$12,COLUMNS($P12:Q12),MATCH($C12,下拉选项!$B$1:$N$1,0)),"") | R12: =IFERROR(INDEX(下拉选项!$B$2:$N$12,COLUMNS($P12:R12),MATCH($C12,下拉选项!$B$1:$N$1,0)),"") | S12: =IFERROR(INDEX(下拉选项!$B$2:$N$12,COLUMNS($P12:S12),MATCH($C12,下拉选项!$B$1:$N$1,0)),"") | T12: =IFERROR(INDEX(下拉选项!$B$2:$N$12,COLUMNS($P12:T12),MATCH($C12,下拉选项!$B$1:$N$1,0)),"") | U12: =IFERROR(INDEX(下拉选项!$B$2:$N$12,COLUMNS($P12:U12),MATCH($C12,下拉选项!$B$1:$N$1,0)),"") | V12: =IFERROR(INDEX(下拉选项!$B$2:$N$12,COLUMNS($P12:V12),MATCH($C12,下拉选项!$B$1:$N$1,0)),"") | W12: =IFERROR(INDEX(下拉选项!$B$2:$N$12,COLUMNS($P12:W12),MATCH($C12,下拉选项!$B$1:$N$1,0)),"") | ... Z12: =IFERROR(INDEX(下拉选项!$B$2:$N$12,COLUMNS($P12:Z12),MATCH($C12,下拉选项!$B$1:$N$1,0)),"") | AA12: =IFERROR(INDEX(下拉选项!$O$2:$R$6,COLUMNS($AA12:AA12),MATCH($B12,下拉选项!$O$1:$R$1,0)),"") | AB12: =IFERROR(INDEX(下拉选项!$O$2:$R$6,COLUMNS($AA12:AB12),MATCH($B12,下拉选项!$O$1:$R$1,0)),"") | AC12: =IFERROR(INDEX(下拉选项!$O$2:$R$6,COLUMNS($AA12:AC12),MATCH($B12,下拉选项!$O$1:$R$1,0)),"") | AD12: =IFERROR(INDEX(下拉选项!$O$2:$R$6,COLUMNS($AA12:AD12),MATCH($B12,下拉选项!$O$1:$R$1,0)),"") | AE12: =IFERROR(INDEX(下拉选项!$O$2:$R$6,COLUMNS($AA12:AE12),MATCH($B12,下拉选项!$O$1:$R$1,0)),"")
P13: =IFERROR(INDEX(下拉选项!$B$2:$N$12,COLUMNS($P13:P13),MATCH($C13,下拉选项!$B$1:$N$1,0)),"") | Q13: =IFERROR(INDEX(下拉选项!$B$2:$N$12,COLUMNS($P13:Q13),MATCH($C13,下拉选项!$B$1:$N$1,0)),"") | R13: =IFERROR(INDEX(下拉选项!$B$2:$N$12,COLUMNS($P13:R13),MATCH($C13,下拉选项!$B$1:$N$1,0)),"") | S13: =IFERROR(INDEX(下拉选项!$B$2:$N$12,COLUMNS($P13:S13),MATCH($C13,下拉选项!$B$1:$N$1,0)),"") | T13: =IFERROR(INDEX(下拉选项!$B$2:$N$12,COLUMNS($P13:T13),MATCH($C13,下拉选项!$B$1:$N$1,0)),"") | U13: =IFERROR(INDEX(下拉选项!$B$2:$N$12,COLUMNS($P13:U13),MATCH($C13,下拉选项!$B$1:$N$1,0)),"") | V13: =IFERROR(INDEX(下拉选项!$B$2:$N$12,COLUMNS($P13:V13),MATCH($C13,下拉选项!$B$1:$N$1,0)),"") | W13: =IFERROR(INDEX(下拉选项!$B$2:$N$12,COLUMNS($P13:W13),MATCH($C13,下拉选项!$B$1:$N$1,0)),"") | ... Z13: =IFERROR(INDEX(下拉选项!$B$2:$N$12,COLUMNS($P13:Z13),MATCH($C13,下拉选项!$B$1:$N$1,0)),"") | AA13: =IFERROR(INDEX(下拉选项!$O$2:$R$6,COLUMNS($AA13:AA13),MATCH($B13,下拉选项!$O$1:$R$1,0)),"") | AB13: =IFERROR(INDEX(下拉选项!$O$2:$R$6,COLUMNS($AA13:AB13),MATCH($B13,下拉选项!$O$1:$R$1,0)),"") | AC13: =IFERROR(INDEX(下拉选项!$O$2:$R$6,COLUMNS($AA13:AC13),MATCH($B13,下拉选项!$O$1:$R$1,0)),"") | AD13: =IFERROR(INDEX(下拉选项!$O$2:$R$6,COLUMNS($AA13:AD13),MATCH($B13,下拉选项!$O$1:$R$1,0)),"") | AE13: =IFERROR(INDEX(下拉选项!$O$2:$R$6,COLUMNS($AA13:AE13),MATCH($B13,下拉选项!$O$1:$R$1,0)),"")
... P101: =IFERROR(INDEX(下拉选项!$B$2:$N$12,COLUMNS($P101:P101),MATCH($C101,下拉选项!$B$1:$N$1,0)),"") | Q101: =IFERROR(INDEX(下拉选项!$B$2:$N$12,COLUMNS($P101:Q101),MATCH($C101,下拉选项!$B$1:$N$1,0)),"") | R101: =IFERROR(INDEX(下拉选项!$B$2:$N$12,COLUMNS($P101:R101),MATCH($C101,下拉选项!$B$1:$N$1,0)),"") | S101: =IFERROR(INDEX(下拉选项!$B$2:$N$12,COLUMNS($P101:S101),MATCH($C101,下拉选项!$B$1:$N$1,0)),"") | T101: =IFERROR(INDEX(下拉选项!$B$2:$N$12,COLUMNS($P101:T101),MATCH($C101,下拉选项!$B$1:$N$1,0)),"") | U101: =IFERROR(INDEX(下拉选项!$B$2:$N$12,COLUMNS($P101:U101),MATCH($C101,下拉选项!$B$1:$N$1,0)),"") | V101: =IFERROR(INDEX(下拉选项!$B$2:$N$12,COLUMNS($P101:V101),MATCH($C101,下拉选项!$B$1:$N$1,0)),"") | W101: =IFERROR(INDEX(下拉选项!$B$2:$N$12,COLUMNS($P101:W101),MATCH($C101,下拉选项!$B$1:$N$1,0)),"") | ... Z101: =IFERROR(INDEX(下拉选项!$B$2:$N$12,COLUMNS($P101:Z101),MATCH($C101,下拉选项!$B$1:$N$1,0)),"") | AA101: =IFERROR(INDEX(下拉选项!$O$2:$R$6,COLUMNS($AA101:AA101),MATCH($B101,下拉选项!$O$1:$R$1,0)),"") | AB101: =IFERROR(INDEX(下拉选项!$O$2:$R$6,COLUMNS($AA101:AB101),MATCH($B101,下拉选项!$O$1:$R$1,0)),"") | AC101: =IFERROR(INDEX(下拉选项!$O$2:$R$6,COLUMNS($AA101:AC101),MATCH($B101,下拉选项!$O$1:$R$1,0)),"") | AD101: =IFERROR(INDEX(下拉选项!$O$2:$R$6,COLUMNS($AA101:AD101),MATCH($B101,下拉选项!$O$1:$R$1,0)),"") | AE101: =IFERROR(INDEX(下拉选项!$O$2:$R$6,COLUMNS($AA101:AE101),MATCH($B101,下拉选项!$O$1:$R$1,0)),"")

Sheet 填写说明
A1: 港澳台考研题库 Excel 导入模板
A3: 使用方式
A4: 请在“题目”工作表中逐行填写，一行对应一道单选题。第 1 行为固定中文字段名，顺序不可调整、不能新增标题行；请依次选择“科目”“模块”“子模块”。填写完成后保存为 .xlsx，再在题库管理中导入。
A7: 字段名 | B7: 是否必填 | C7: 填写格式 / 可选值 | D7: 示例 | E7: 说明
A8: 考试代码 | B8: 必填 | C8: COMMON / Z001 / Z002 | D8: COMMON | E8: 考试代码：中华文化、英语运用使用 COMMON；逻辑推理使用 Z001；数学基础使用 Z002。
A9: 科目 | B9: 必填 | C9: 从下拉列表选择科目名称 | D9: 英语运用 | E9: 题目所属科目。
A10: 模块 | B10: 必填 | C10: 先选择科目，再从下拉列表选择对应模块 | D10: 语言知识 | E10: 用于题库中的模块筛选与分类。
A11: 子模块 | B11: 必填 | C11: 先选择模块，再从下拉列表选择对应子模块 | D11: 语法 | E11: 用于题库中的考点分类。
A12: 题干 | B12: 必填 | C12: 题干正文 | D12: She would rather ____ at home than go out. | E12: 一道题只占一行；数学公式请使用 \(...\) 格式。
A13: 选项A | B13: 必填 | C13: 选项 A | D13: stay | E13: 四个选项均需填写。
A14: 选项B | B14: 必填 | C14: 选项 B | D14: stayed | E14: 四个选项均需填写。
A15: 选项C | B15: 必填 | C15: 选项 C | D15: staying | E15: 四个选项均需填写。
A16: 选项D | B16: 必填 | C16: 选项 D | D16: to stay | E16: 四个选项均需填写。
A17: 答案 | B17: 必填 | C17: A / B / C / D | D17: A | E17: 只填写正确选项字母。
A18: 解析 | B18: 必填 | C18: 中文解析 | D18: would rather 后接动词原形。 | E18: 说明答案理由与易错点。
... A21: 来源年份 | B21: 选填 | C21: 四位年份 | D21: 2026 | E21: 真题或资料来源年份；无则留空。
A23: 系统自动处理（无需在 Excel 中填写）
A24: question_type 固定为 single_choice；question_bank_id 会自动使用当前打开的题库；导入后的题目会进入待审核状态，不会直接在学生端发布。
